Education,JoiningYear,City,PaymentTier,Age,Gender,EverBenched,ExperienceInCurrentDomain,LeaveOrNot,Salary,Department
Bachelors,2017,Bangalore,3,34,Male,No,0,0,255555,Software Development
Bachelors,2013,Pune,1,28,Female,No,3,1,32561,HR
Bachelors,2014,New Delhi,3,38,Female,No,2,0,32564,Finance
Masters,2016,Bangalore,3,27,Male,No,5,1,56987,Data Science
Masters,2017,Pune,3,24,Male,Yes,2,1,98745,Cloud Engineering
Bachelors,2016,Bangalore,3,22,Male,No,0,0,20563,Support
Bachelors,2015,New Delhi,3,38,Male,No,0,0,95632,Operations
Bachelors,2016,Bangalore,3,34,Female,No,2,1,78956,QA/Testing
Bachelors,2016,Pune,3,23,Male,No,1,0,68795,Business Analysis
